Name,Version,introduction,help_short,help_long,Changelogs
Pandas,2.2.2,"pandas is a Python package that provides fast, flexible, and expressive data structures designed to make working with ""relational"" or ""labeled"" data both easy and intuitive. It aims to be the fundamental high-level building block for doing practical, real world data analysis in Python. Additionally, it has the broader goal of becoming the most powerful and flexible open source data analysis / manipulation tool available in any language. It is already well on its way towards this goal.","Type:        module
String form: <module 'pandas' from '/lib/python3.12/site-packages/pandas/__init__.py'>
File:        /lib/python3.12/site-packages/pandas/__init__.py
Docstring:  
pandas - a powerful data analysis and manipulation library for Python
=====================================================================

**pandas** is a Python package providing fast, flexible, and expressive data
structures designed to make working with ""relational"" or ""labeled"" data both
easy and intuitive. It aims to be the fundamental high-level building block for
doing practical, **real world** data analysis in Python. Additionally, it has
the broader goal of becoming **the most powerful and flexible open source data
analysis / manipulation tool available in any language**. It is already well on
its way toward this goal.

Main Features
-------------
Here are just a few of the things that pandas does well:

  - Easy handling of missing data in floating point as well as non-floating
    point data.
  - Size mutability: columns can be inserted and deleted from DataFrame and
    higher dimensional objects
  - Automatic and explicit data alignment: objects can be explicitly aligned
    to a set of labels, or the user can simply ignore the labels and let
    `Series`, `DataFrame`, etc. automatically align the data for you in
    computations.
  - Powerful, flexible group by functionality to perform split-apply-combine
    operations on data sets, for both aggregating and transforming data.
  - Make it easy to convert ragged, differently-indexed data in other Python
    and NumPy data structures into DataFrame objects.
  - Intelligent label-based slicing, fancy indexing, and subsetting of large
    data sets.
  - Intuitive merging and joining data sets.
  - Flexible reshaping and pivoting of data sets.
  - Hierarchical labeling of axes (possible to have multiple labels per tick).
  - Robust IO tools for loading data from flat files (CSV and delimited),
    Excel files, databases, and saving/loading data from the ultrafast HDF5
    format.
  - Time series-specific functionality: date range generation and frequency
    conversion, moving window statistics, date shifting and lagging.","Type:        module
String form: <module 'pandas' from '/lib/python3.12/site-packages/pandas/__init__.py'>
File:        /lib/python3.12/site-packages/pandas/__init__.py
Source:     
from __future__ import annotations

import os
import warnings

__docformat__ = ""restructuredtext""

# Let users know if they're missing any of our hard dependencies
_hard_dependencies = (""numpy"", ""pytz"", ""dateutil"")
_missing_dependencies = []

for _dependency in _hard_dependencies:
    try:
        __import__(_dependency)
    except ImportError as _e:  # pragma: no cover
        _missing_dependencies.append(f""{_dependency}: {_e}"")

if _missing_dependencies:  # pragma: no cover
    raise ImportError(
        ""Unable to import required dependencies:\n"" + ""\n"".join(_missing_dependencies)
    )
del _hard_dependencies, _dependency, _missing_dependencies

try:
    # numpy compat
    from pandas.compat import (
        is_numpy_dev as _is_numpy_dev,  # pyright: ignore[reportUnusedImport] # noqa: F401
    )
except ImportError as _err:  # pragma: no cover
    _module = _err.name
    raise ImportError(
        f""C extension: {_module} not built. If you want to import ""
        ""pandas from the source directory, you may need to run ""
        ""'python setup.py build_ext' to build the C extensions first.""
    ) from _err

from pandas._config import (
    get_option,
    set_option,
    reset_option,
    describe_option,
    option_context,
    options,
)

# let init-time option registration happen
import pandas.core.config_init  # pyright: ignore[reportUnusedImport] # noqa: F401

from pandas.core.api import (
    # dtype
    ArrowDtype,
    Int8Dtype,
    Int16Dtype,
    Int32Dtype,
    Int64Dtype,
    UInt8Dtype,
    UInt16Dtype,
    UInt32Dtype,
    UInt64Dtype,
    Float32Dtype,
    Float64Dtype,
    CategoricalDtype,
    PeriodDtype,
    IntervalDtype,
    DatetimeTZDtype,
    StringDtype,
    BooleanDtype,
    # missing
    NA,
    isna,
    isnull,
    notna,
    notnull,
    # indexes
    Index,
    CategoricalIndex,
    RangeIndex,
    MultiIndex,
    IntervalIndex,
    TimedeltaIndex,
    DatetimeIndex,
    PeriodIndex,
    IndexSlice,
    # tseries
    NaT,
    Period,
    period_range,
    Timedelta,
    timedelta_range,
    Timestamp,
    date_range,
    bdate_range,
    Interval,
    interval_range,
    DateOffset,
    # conversion
    to_numeric,
    to_datetime,
    to_timedelta,
    # misc
    Flags,
    Grouper,
    factorize,
    unique,
    value_counts,
    NamedAgg,
    array,
    Categorical,
    set_eng_float_format,
    Series,
    DataFrame,
)

from pandas.core.dtypes.dtypes import SparseDtype

from pandas.tseries.api import infer_freq
from pandas.tseries import offsets

from pandas.core.computation.api import eval

from pandas.core.reshape.api import (
    concat,
    lreshape,
    melt,
    wide_to_long,
    merge,
    merge_asof,
    merge_ordered,
    crosstab,
    pivot,
    pivot_table,
    get_dummies,
    from_dummies,
    cut,
    qcut,
)

from pandas import api, arrays, errors, io, plotting, tseries
from pandas import testing
from pandas.util._print_versions import show_versions

from pandas.io.api import (
    # excel
    ExcelFile,
    ExcelWriter,
    read_excel,
    # parsers
    read_csv,
    read_fwf,
    read_table,
    # pickle
    read_pickle,
    to_pickle,
    # pytables
    HDFStore,
    read_hdf,
    # sql
    read_sql,
    read_sql_query,
    read_sql_table,
    # misc
    read_clipboard,
    read_parquet,
    read_orc,
    read_feather,
    read_gbq,
    read_html,
    read_xml,
    read_json,
    read_stata,
    read_sas,
    read_spss,
)

from pandas.io.json._normalize import json_normalize

from pandas.util._tester import test

# use the closest tagged version if possible
_built_with_meson = False
try:
    from pandas._version_meson import (  # pyright: ignore [reportMissingImports]
        __version__,
        __git_version__,
    )

    _built_with_meson = True
except ImportError:
    from pandas._version import get_versions

    v = get_versions()
    __version__ = v.get(""closest-tag"", v[""version""])
    __git_version__ = v.get(""full-revisionid"")
    del get_versions, v

# GH#55043 - deprecation of the data_manager option
if ""PANDAS_DATA_MANAGER"" in os.environ:
    warnings.warn(
        ""The env variable PANDAS_DATA_MANAGER is set. The data_manager option is ""
        ""deprecated and will be removed in a future version. Only the BlockManager ""
        ""will be available. Unset this environment variable to silence this warning."",
        FutureWarning,
        stacklevel=2,
    )

del warnings, os

# module level doc-string
__doc__ = """"""
pandas - a powerful data analysis and manipulation library for Python
=====================================================================

**pandas** is a Python package providing fast, flexible, and expressive data
structures designed to make working with ""relational"" or ""labeled"" data both
easy and intuitive. It aims to be the fundamental high-level building block for
doing practical, **real world** data analysis in Python. Additionally, it has
the broader goal of becoming **the most powerful and flexible open source data
analysis / manipulation tool available in any language**. It is already well on
its way toward this goal.

Main Features
-------------
Here are just a few of the things that pandas does well:

  - Easy handling of missing data in floating point as well as non-floating
    point data.
  - Size mutability: columns can be inserted and deleted from DataFrame and
    higher dimensional objects
  - Automatic and explicit data alignment: objects can be explicitly aligned
    to a set of labels, or the user can simply ignore the labels and let
    `Series`, `DataFrame`, etc. automatically align the data for you in
    computations.
  - Powerful, flexible group by functionality to perform split-apply-combine
    operations on data sets, for both aggregating and transforming data.
  - Make it easy to convert ragged, differently-indexed data in other Python
    and NumPy data structures into DataFrame objects.
  - Intelligent label-based slicing, fancy indexing, and subsetting of large
    data sets.
  - Intuitive merging and joining data sets.
  - Flexible reshaping and pivoting of data sets.
  - Hierarchical labeling of axes (possible to have multiple labels per tick).
  - Robust IO tools for loading data from flat files (CSV and delimited),
    Excel files, databases, and saving/loading data from the ultrafast HDF5
    format.
  - Time series-specific functionality: date range generation and frequency
    conversion, moving window statistics, date shifting and lagging.
""""""

# Use __all__ to let type checkers know what is part of the public API.
# Pandas is not (yet) a py.typed library: the public API is determined
# based on the documentation.
__all__ = [
    ""ArrowDtype"",
    ""BooleanDtype"",
    ""Categorical"",
    ""CategoricalDtype"",
    ""CategoricalIndex"",
    ""DataFrame"",
    ""DateOffset"",
    ""DatetimeIndex"",
    ""DatetimeTZDtype"",
    ""ExcelFile"",
    ""ExcelWriter"",
    ""Flags"",
    ""Float32Dtype"",
    ""Float64Dtype"",
    ""Grouper"",
    ""HDFStore"",
    ""Index"",
    ""IndexSlice"",
    ""Int16Dtype"",
    ""Int32Dtype"",
    ""Int64Dtype"",
    ""Int8Dtype"",
    ""Interval"",
    ""IntervalDtype"",
    ""IntervalIndex"",
    ""MultiIndex"",
    ""NA"",
    ""NaT"",
    ""NamedAgg"",
    ""Period"",
    ""PeriodDtype"",
    ""PeriodIndex"",
    ""RangeIndex"",
    ""Series"",
    ""SparseDtype"",
    ""StringDtype"",
    ""Timedelta"",
    ""TimedeltaIndex"",
    ""Timestamp"",
    ""UInt16Dtype"",
    ""UInt32Dtype"",
    ""UInt64Dtype"",
    ""UInt8Dtype"",
    ""api"",
    ""array"",
    ""arrays"",
    ""bdate_range"",
    ""concat"",
    ""crosstab"",
    ""cut"",
    ""date_range"",
    ""describe_option"",
    ""errors"",
    ""eval"",
    ""factorize"",
    ""get_dummies"",
    ""from_dummies"",
    ""get_option"",
    ""infer_freq"",
    ""interval_range"",
    ""io"",
    ""isna"",
    ""isnull"",
    ""json_normalize"",
    ""lreshape"",
    ""melt"",
    ""merge"",
    ""merge_asof"",
    ""merge_ordered"",
    ""notna"",
    ""notnull"",
    ""offsets"",
    ""option_context"",
    ""options"",
    ""period_range"",
    ""pivot"",
    ""pivot_table"",
    ""plotting"",
    ""qcut"",
    ""read_clipboard"",
    ""read_csv"",
    ""read_excel"",
    ""read_feather"",
    ""read_fwf"",
    ""read_gbq"",
    ""read_hdf"",
    ""read_html"",
    ""read_json"",
    ""read_orc"",
    ""read_parquet"",
    ""read_pickle"",
    ""read_sas"",
    ""read_spss"",
    ""read_sql"",
    ""read_sql_query"",
    ""read_sql_table"",
    ""read_stata"",
    ""read_table"",
    ""read_xml"",
    ""reset_option"",
    ""set_eng_float_format"",
    ""set_option"",
    ""show_versions"",
    ""test"",
    ""testing"",
    ""timedelta_range"",
    ""to_datetime"",
    ""to_numeric"",
    ""to_pickle"",
    ""to_timedelta"",
    ""tseries"",
    ""unique"",
    ""value_counts"",
    ""wide_to_long"",
]

Click to add a cell.","Here's a reorganization of the changelog information from Pandas versions 1.5.3 to 2.2.2, focusing on new features, enhancements, and API changes, presented in Markdown format:  
   
# Pandas Changelog: Version 1.5.3 to 2.2.2  
   
## New Features  
   
### Version 2.0.0  
   
- **Nullable Boolean Data Type**: Introduced support for the nullable boolean data type (\`pd.BooleanDtype\`). This allows for better handling of missing values in boolean columns.  
   
- **Improved JSON Handling**: Added support for reading and writing JSON files with orient='table' using the \`DataFrame.to_json()\` and \`pd.read_json()\` methods.  
   
### Version 2.1.0  
   
- **Enhanced Arrow Integration**: Improved integration with Apache Arrow. Added support for converting DataFrames to Arrow tables using \`DataFrame.to_arrow()\` and from Arrow tables using \`pd.read_arrow()\`.  
   
- **String Methods Update**: New string methods \`str.removeprefix()\` and \`str.removesuffix()\` have been introduced, aligning with Python 3.9 string handling.  
   
### Version 2.2.0  
   
- **Datetime Improvements**: Added support for \`pd.Timedelta\` to be used in \`groupby()\` operations, allowing for enhanced time-based grouping.  
   
- **New Window Functionality**: Introduced \`expanding()\` method for DataFrames, similar to \`rolling()\`, but expanding window functionality is now more flexible with additional options.  
   
## Enhancements  
   
### Version 2.0.0  
   
- **Enhanced MultiIndex Handling**: Improvements in handling MultiIndexes, including better performance and more intuitive index manipulation methods.  
   
- **Error Messaging**: Improved error messages across various methods for better debugging and development.  
   
### Version 2.1.0  
   
- **Performance Improvements in IO**: Enhanced performance for reading and writing CSV and Parquet files, making data I/O more efficient.  
   
### Version 2.2.0  
   
- **GroupBy Enhancements**: Optimized \`groupby()\` operations for better performance, particularly with large datasets.  
   
## API Changes  
   
### Version 2.0.0  
   
- **Deprecation of Panel**: The \`Panel\` data structure has been fully removed. Users are encouraged to use MultiIndex DataFrames or xarray for 3-dimensional data.  
   
- **Changes to \`read_html()\`**: The \`read_html()\` function has been updated to use \`lxml\` by default for parsing HTML. Users can still specify \`bs4\` if preferred.  
   
### Version 2.2.0  
   
- **Index Renaming**: The method \`rename_axis()\` now raises a TypeError if the new axis name is not hashable.  
   
- **\`DataFrame.append()\` Deprecation**: The \`DataFrame.append()\` method is now deprecated in favor of using \`concat()\`, as it offers better performance and more flexibility.  
   
## Summary  
   
These updates from Pandas 1.5.3 to 2.2.2 include significant enhancements in data handling, especially with new data types and improved IO performance. Users should also be aware of API changes and deprecated features to ensure smooth transitions in their codebases.
    "
pandas.read_csv,2.2.2,"Read a comma-separated values (csv) file into DataFrame.","Signature:
pandas.read_csv(
    filepath_or_buffer: 'FilePath | ReadCsvBuffer[bytes] | ReadCsvBuffer[str]',
    *,
    sep: 'str | None | lib.NoDefault' = <no_default>,
    delimiter: 'str | None | lib.NoDefault' = None,
    header: ""int | Sequence[int] | None | Literal['infer']"" = 'infer',
    names: 'Sequence[Hashable] | None | lib.NoDefault' = <no_default>,
    index_col: 'IndexLabel | Literal[False] | None' = None,
    usecols: 'UsecolsArgType' = None,
    dtype: 'DtypeArg | None' = None,
    engine: 'CSVEngine | None' = None,
    converters: 'Mapping[Hashable, Callable] | None' = None,
    true_values: 'list | None' = None,
    false_values: 'list | None' = None,
    skipinitialspace: 'bool' = False,
    skiprows: 'list[int] | int | Callable[[Hashable], bool] | None' = None,
    skipfooter: 'int' = 0,
    nrows: 'int | None' = None,
    na_values: 'Hashable | Iterable[Hashable] | Mapping[Hashable, Iterable[Hashable]] | None' = None,
    keep_default_na: 'bool' = True,
    na_filter: 'bool' = True,
    verbose: 'bool | lib.NoDefault' = <no_default>,
    skip_blank_lines: 'bool' = True,
    parse_dates: 'bool | Sequence[Hashable] | None' = None,
    infer_datetime_format: 'bool | lib.NoDefault' = <no_default>,
    keep_date_col: 'bool | lib.NoDefault' = <no_default>,
    date_parser: 'Callable | lib.NoDefault' = <no_default>,
    date_format: 'str | dict[Hashable, str] | None' = None,
    dayfirst: 'bool' = False,
    cache_dates: 'bool' = True,
    iterator: 'bool' = False,
    chunksize: 'int | None' = None,
    compression: 'CompressionOptions' = 'infer',
    thousands: 'str | None' = None,
    decimal: 'str' = '.',
    lineterminator: 'str | None' = None,
    quotechar: 'str' = '""',
    quoting: 'int' = 0,
    doublequote: 'bool' = True,
    escapechar: 'str | None' = None,
    comment: 'str | None' = None,
    encoding: 'str | None' = None,
    encoding_errors: 'str | None' = 'strict',
    dialect: 'str | csv.Dialect | None' = None,
    on_bad_lines: 'str' = 'error',
    delim_whitespace: 'bool | lib.NoDefault' = <no_default>,
    low_memory: 'bool' = True,
    memory_map: 'bool' = False,
    float_precision: ""Literal['high', 'legacy'] | None"" = None,
    storage_options: 'StorageOptions | None' = None,
    dtype_backend: 'DtypeBackend | lib.NoDefault' = <no_default>,
) -> 'DataFrame | TextFileReader'
Docstring:
Read a comma-separated values (csv) file into DataFrame.

Also supports optionally iterating or breaking of the file
into chunks.

Additional help can be found in the online docs for
`IO Tools <https://pandas.pydata.org/pandas-docs/stable/user_guide/io.html>`_.

Parameters
----------
filepath_or_buffer : str, path object or file-like object
    Any valid string path is acceptable. The string could be a URL. Valid
    URL schemes include http, ftp, s3, gs, and file. For file URLs, a host is
    expected. A local file could be: file://localhost/path/to/table.csv.

    If you want to pass in a path object, pandas accepts any ``os.PathLike``.

    By file-like object, we refer to objects with a ``read()`` method, such as
    a file handle (e.g. via builtin ``open`` function) or ``StringIO``.
sep : str, default ','
    Character or regex pattern to treat as the delimiter. If ``sep=None``, the
    C engine cannot automatically detect
    the separator, but the Python parsing engine can, meaning the latter will
    be used and automatically detect the separator from only the first valid
    row of the file by Python's builtin sniffer tool, ``csv.Sniffer``.
    In addition, separators longer than 1 character and different from
    ``'\s+'`` will be interpreted as regular expressions and will also force
    the use of the Python parsing engine. Note that regex delimiters are prone
    to ignoring quoted data. Regex example: ``'\r\t'``.
delimiter : str, optional
    Alias for ``sep``.
header : int, Sequence of int, 'infer' or None, default 'infer'
    Row number(s) containing column labels and marking the start of the
    data (zero-indexed). Default behavior is to infer the column names: if no ``names``
    are passed the behavior is identical to ``header=0`` and column
    names are inferred from the first line of the file, if column
    names are passed explicitly to ``names`` then the behavior is identical to
    ``header=None``. Explicitly pass ``header=0`` to be able to
    replace existing names. The header can be a list of integers that
    specify row locations for a :class:`~pandas.MultiIndex` on the columns
    e.g. ``[0, 1, 3]``. Intervening rows that are not specified will be
    skipped (e.g. 2 in this example is skipped). Note that this
    parameter ignores commented lines and empty lines if
    ``skip_blank_lines=True``, so ``header=0`` denotes the first line of
    data rather than the first line of the file.
names : Sequence of Hashable, optional
    Sequence of column labels to apply. If the file contains a header row,
    then you should explicitly pass ``header=0`` to override the column names.
    Duplicates in this list are not allowed.
index_col : Hashable, Sequence of Hashable or False, optional
  Column(s) to use as row label(s), denoted either by column labels or column
  indices.  If a sequence of labels or indices is given, :class:`~pandas.MultiIndex`
  will be formed for the row labels.

  Note: ``index_col=False`` can be used to force pandas to *not* use the first
  column as the index, e.g., when you have a malformed file with delimiters at
  the end of each line.
usecols : Sequence of Hashable or Callable, optional
    Subset of columns to select, denoted either by column labels or column indices.
    If list-like, all elements must either
    be positional (i.e. integer indices into the document columns) or strings
    that correspond to column names provided either by the user in ``names`` or
    inferred from the document header row(s). If ``names`` are given, the document
    header row(s) are not taken into account. For example, a valid list-like
    ``usecols`` parameter would be ``[0, 1, 2]`` or ``['foo', 'bar', 'baz']``.
    Element order is ignored, so ``usecols=[0, 1]`` is the same as ``[1, 0]``.
    To instantiate a :class:`~pandas.DataFrame` from ``data`` with element order
    preserved use ``pd.read_csv(data, usecols=['foo', 'bar'])[['foo', 'bar']]``
    for columns in ``['foo', 'bar']`` order or
    ``pd.read_csv(data, usecols=['foo', 'bar'])[['bar', 'foo']]``
    for ``['bar', 'foo']`` order.

    If callable, the callable function will be evaluated against the column
    names, returning names where the callable function evaluates to ``True``. An
    example of a valid callable argument would be ``lambda x: x.upper() in
    ['AAA', 'BBB', 'DDD']``. Using this parameter results in much faster
    parsing time and lower memory usage.
dtype : dtype or dict of {Hashable : dtype}, optional
    Data type(s) to apply to either the whole dataset or individual columns.
    E.g., ``{'a': np.float64, 'b': np.int32, 'c': 'Int64'}``
    Use ``str`` or ``object`` together with suitable ``na_values`` settings
    to preserve and not interpret ``dtype``.
    If ``converters`` are specified, they will be applied INSTEAD
    of ``dtype`` conversion.

    .. versionadded:: 1.5.0

        Support for ``defaultdict`` was added. Specify a ``defaultdict`` as input where
        the default determines the ``dtype`` of the columns which are not explicitly
        listed.
engine : {'c', 'python', 'pyarrow'}, optional
    Parser engine to use. The C and pyarrow engines are faster, while the python engine
    is currently more feature-complete. Multithreading is currently only supported by
    the pyarrow engine.

    .. versionadded:: 1.4.0

        The 'pyarrow' engine was added as an *experimental* engine, and some features
        are unsupported, or may not work correctly, with this engine.
converters : dict of {Hashable : Callable}, optional
    Functions for converting values in specified columns. Keys can either
    be column labels or column indices.
true_values : list, optional
    Values to consider as ``True`` in addition to case-insensitive variants of 'True'.
false_values : list, optional
    Values to consider as ``False`` in addition to case-insensitive variants of 'False'.
skipinitialspace : bool, default False
    Skip spaces after delimiter.
skiprows : int, list of int or Callable, optional
    Line numbers to skip (0-indexed) or number of lines to skip (``int``)
    at the start of the file.

    If callable, the callable function will be evaluated against the row
    indices, returning ``True`` if the row should be skipped and ``False`` otherwise.
    An example of a valid callable argument would be ``lambda x: x in [0, 2]``.
skipfooter : int, default 0
    Number of lines at bottom of file to skip (Unsupported with ``engine='c'``).
nrows : int, optional
    Number of rows of file to read. Useful for reading pieces of large files.
na_values : Hashable, Iterable of Hashable or dict of {Hashable : Iterable}, optional
    Additional strings to recognize as ``NA``/``NaN``. If ``dict`` passed, specific
    per-column ``NA`` values.  By default the following values are interpreted as
    ``NaN``: "" "", ""#N/A"", ""#N/A N/A"", ""#NA"", ""-1.#IND"", ""-1.#QNAN"", ""-NaN"", ""-nan"",
    ""1.#IND"", ""1.#QNAN"", ""<NA>"", ""N/A"", ""NA"", ""NULL"", ""NaN"", ""None"",
    ""n/a"", ""nan"", ""null "".

keep_default_na : bool, default True
    Whether or not to include the default ``NaN`` values when parsing the data.
    Depending on whether ``na_values`` is passed in, the behavior is as follows:

    * If ``keep_default_na`` is ``True``, and ``na_values`` are specified, ``na_values``
      is appended to the default ``NaN`` values used for parsing.
    * If ``keep_default_na`` is ``True``, and ``na_values`` are not specified, only
      the default ``NaN`` values are used for parsing.
    * If ``keep_default_na`` is ``False``, and ``na_values`` are specified, only
      the ``NaN`` values specified ``na_values`` are used for parsing.
    * If ``keep_default_na`` is ``False``, and ``na_values`` are not specified, no
      strings will be parsed as ``NaN``.

    Note that if ``na_filter`` is passed in as ``False``, the ``keep_default_na`` and
    ``na_values`` parameters will be ignored.
na_filter : bool, default True
    Detect missing value markers (empty strings and the value of ``na_values``). In
    data without any ``NA`` values, passing ``na_filter=False`` can improve the
    performance of reading a large file.
verbose : bool, default False
    Indicate number of ``NA`` values placed in non-numeric columns.
skip_blank_lines : bool, default True
    If ``True``, skip over blank lines rather than interpreting as ``NaN`` values.
parse_dates : bool, list of Hashable, list of lists or dict of {Hashable : list}, default False
    The behavior is as follows:

    * ``bool``. If ``True`` -> try parsing the index. Note: Automatically set to
      ``True`` if ``date_format`` or ``date_parser`` arguments have been passed.
    * ``list`` of ``int`` or names. e.g. If ``[1, 2, 3]`` -> try parsing columns 1, 2, 3
      each as a separate date column.
    * ``list`` of ``list``. e.g.  If ``[[1, 3]]`` -> combine columns 1 and 3 and parse
      as a single date column. Values are joined with a space before parsing.
    * ``dict``, e.g. ``{'foo' : [1, 3]}`` -> parse columns 1, 3 as date and call
      result 'foo'. Values are joined with a space before parsing.

    If a column or index cannot be represented as an array of ``datetime``,
    say because of an unparsable value or a mixture of timezones, the column
    or index will be returned unaltered as an ``object`` data type. For
    non-standard ``datetime`` parsing, use :func:`~pandas.to_datetime` after
    :func:`~pandas.read_csv`.

    Note: A fast-path exists for iso8601-formatted dates.
infer_datetime_format : bool, default False
    If ``True`` and ``parse_dates`` is enabled, pandas will attempt to infer the
    format of the ``datetime`` strings in the columns, and if it can be inferred,
    switch to a faster method of parsing them. In some cases this can increase
    the parsing speed by 5-10x.

    .. deprecated:: 2.0.0
        A strict version of this argument is now the default, passing it has no effect.

keep_date_col : bool, default False
    If ``True`` and ``parse_dates`` specifies combining multiple columns then
    keep the original columns.
date_parser : Callable, optional
    Function to use for converting a sequence of string columns to an array of
    ``datetime`` instances. The default uses ``dateutil.parser.parser`` to do the
    conversion. pandas will try to call ``date_parser`` in three different ways,
    advancing to the next if an exception occurs: 1) Pass one or more arrays
    (as defined by ``parse_dates``) as arguments; 2) concatenate (row-wise) the
    string values from the columns defined by ``parse_dates`` into a single array
    and pass that; and 3) call ``date_parser`` once for each row using one or
    more strings (corresponding to the columns defined by ``parse_dates``) as
    arguments.

    .. deprecated:: 2.0.0
       Use ``date_format`` instead, or read in as ``object`` and then apply
       :func:`~pandas.to_datetime` as-needed.
date_format : str or dict of column -> format, optional
    Format to use for parsing dates when used in conjunction with ``parse_dates``.
    The strftime to parse time, e.g. :const:`""%d/%m/%Y""`. See
    `strftime documentation
    <https://docs.python.org/3/library/datetime.html
    #strftime-and-strptime-behavior>`_ for more information on choices, though
    note that :const:`""%f""` will parse all the way up to nanoseconds.
    You can also pass:

    - ""ISO8601"", to parse any `ISO8601 <https://en.wikipedia.org/wiki/ISO_8601>`_
        time string (not necessarily in exactly the same format);
    - ""mixed"", to infer the format for each element individually. This is risky,
        and you should probably use it along with `dayfirst`.

    .. versionadded:: 2.0.0
dayfirst : bool, default False
    DD/MM format dates, international and European format.
cache_dates : bool, default True
    If ``True``, use a cache of unique, converted dates to apply the ``datetime``
    conversion. May produce significant speed-up when parsing duplicate
    date strings, especially ones with timezone offsets.

iterator : bool, default False
    Return ``TextFileReader`` object for iteration or getting chunks with
    ``get_chunk()``.
chunksize : int, optional
    Number of lines to read from the file per chunk. Passing a value will cause the
    function to return a ``TextFileReader`` object for iteration.
    See the `IO Tools docs
    <https://pandas.pydata.org/pandas-docs/stable/io.html#io-chunking>`_
    for more information on ``iterator`` and ``chunksize``.

compression : str or dict, default 'infer'
    For on-the-fly decompression of on-disk data. If 'infer' and 'filepath_or_buffer' is
    path-like, then detect compression from the following extensions: '.gz',
    '.bz2', '.zip', '.xz', '.zst', '.tar', '.tar.gz', '.tar.xz' or '.tar.bz2'
    (otherwise no compression).
    If using 'zip' or 'tar', the ZIP file must contain only one data file to be read in.
    Set to ``None`` for no decompression.
    Can also be a dict with key ``'method'`` set
    to one of {``'zip'``, ``'gzip'``, ``'bz2'``, ``'zstd'``, ``'xz'``, ``'tar'``} and
    other key-value pairs are forwarded to
    ``zipfile.ZipFile``, ``gzip.GzipFile``,
    ``bz2.BZ2File``, ``zstandard.ZstdDecompressor``, ``lzma.LZMAFile`` or
    ``tarfile.TarFile``, respectively.
    As an example, the following could be passed for Zstandard decompression using a
    custom compression dictionary:
    ``compression={'method': 'zstd', 'dict_data': my_compression_dict}``.

    .. versionadded:: 1.5.0
        Added support for `.tar` files.

    .. versionchanged:: 1.4.0 Zstandard support.

thousands : str (length 1), optional
    Character acting as the thousands separator in numerical values.
decimal : str (length 1), default '.'
    Character to recognize as decimal point (e.g., use ',' for European data).
lineterminator : str (length 1), optional
    Character used to denote a line break. Only valid with C parser.
quotechar : str (length 1), optional
    Character used to denote the start and end of a quoted item. Quoted
    items can include the ``delimiter`` and it will be ignored.
quoting : {0 or csv.QUOTE_MINIMAL, 1 or csv.QUOTE_ALL, 2 or csv.QUOTE_NONNUMERIC, 3 or csv.QUOTE_NONE}, default csv.QUOTE_MINIMAL
    Control field quoting behavior per ``csv.QUOTE_*`` constants. Default is
    ``csv.QUOTE_MINIMAL`` (i.e., 0) which implies that only fields containing special
    characters are quoted (e.g., characters defined in ``quotechar``, ``delimiter``,
    or ``lineterminator``.
doublequote : bool, default True
   When ``quotechar`` is specified and ``quoting`` is not ``QUOTE_NONE``, indicate
   whether or not to interpret two consecutive ``quotechar`` elements INSIDE a
   field as a single ``quotechar`` element.
escapechar : str (length 1), optional
    Character used to escape other characters.
comment : str (length 1), optional
    Character indicating that the remainder of line should not be parsed.
    If found at the beginning
    of a line, the line will be ignored altogether. This parameter must be a
    single character. Like empty lines (as long as ``skip_blank_lines=True``),
    fully commented lines are ignored by the parameter ``header`` but not by
    ``skiprows``. For example, if ``comment='#'``, parsing
    ``#empty\na,b,c\n1,2,3`` with ``header=0`` will result in ``'a,b,c'`` being
    treated as the header.
encoding : str, optional, default 'utf-8'
    Encoding to use for UTF when reading/writing (ex. ``'utf-8'``). `List of Python
    standard encodings
    <https://docs.python.org/3/library/codecs.html#standard-encodings>`_ .

encoding_errors : str, optional, default 'strict'
    How encoding errors are treated. `List of possible values
    <https://docs.python.org/3/library/codecs.html#error-handlers>`_ .

    .. versionadded:: 1.3.0

dialect : str or csv.Dialect, optional
    If provided, this parameter will override values (default or not) for the
    following parameters: ``delimiter``, ``doublequote``, ``escapechar``,
    ``skipinitialspace``, ``quotechar``, and ``quoting``. If it is necessary to
    override values, a ``ParserWarning`` will be issued. See ``csv.Dialect``
    documentation for more details.
on_bad_lines : {'error', 'warn', 'skip'} or Callable, default 'error'
    Specifies what to do upon encountering a bad line (a line with too many fields).
    Allowed values are :

    - ``'error'``, raise an Exception when a bad line is encountered.
    - ``'warn'``, raise a warning when a bad line is encountered and skip that line.
    - ``'skip'``, skip bad lines without raising or warning when they are encountered.

    .. versionadded:: 1.3.0

    .. versionadded:: 1.4.0

        - Callable, function with signature
          ``(bad_line: list[str]) -> list[str] | None`` that will process a single
          bad line. ``bad_line`` is a list of strings split by the ``sep``.
          If the function returns ``None``, the bad line will be ignored.
          If the function returns a new ``list`` of strings with more elements than
          expected, a ``ParserWarning`` will be emitted while dropping extra elements.
          Only supported when ``engine='python'``

    .. versionchanged:: 2.2.0

        - Callable, function with signature
          as described in `pyarrow documentation
          <https://arrow.apache.org/docs/python/generated/pyarrow.csv.ParseOptions.html
          #pyarrow.csv.ParseOptions.invalid_row_handler>`_ when ``engine='pyarrow'``

delim_whitespace : bool, default False
    Specifies whether or not whitespace (e.g. ``' '`` or ``'\t'``) will be
    used as the ``sep`` delimiter. Equivalent to setting ``sep='\s+'``. If this option
    is set to ``True``, nothing should be passed in for the ``delimiter``
    parameter.

    .. deprecated:: 2.2.0
        Use ``sep=""\s+""`` instead.
low_memory : bool, default True
    Internally process the file in chunks, resulting in lower memory use
    while parsing, but possibly mixed type inference.  To ensure no mixed
    types either set ``False``, or specify the type with the ``dtype`` parameter.
    Note that the entire file is read into a single :class:`~pandas.DataFrame`
    regardless, use the ``chunksize`` or ``iterator`` parameter to return the data in
    chunks. (Only valid with C parser).
memory_map : bool, default False
    If a filepath is provided for ``filepath_or_buffer``, map the file object
    directly onto memory and access the data directly from there. Using this
    option can improve performance because there is no longer any I/O overhead.
float_precision : {'high', 'legacy', 'round_trip'}, optional
    Specifies which converter the C engine should use for floating-point
    values. The options are ``None`` or ``'high'`` for the ordinary converter,
    ``'legacy'`` for the original lower precision pandas converter, and
    ``'round_trip'`` for the round-trip converter.

storage_options : dict, optional
    Extra options that make sense for a particular storage connection, e.g.
    host, port, username, password, etc. For HTTP(S) URLs the key-value pairs
    are forwarded to ``urllib.request.Request`` as header options. For other
    URLs (e.g. starting with ""s3://"", and ""gcs://"") the key-value pairs are
    forwarded to ``fsspec.open``. Please see ``fsspec`` and ``urllib`` for more
    details, and for more examples on storage options refer `here
    <https://pandas.pydata.org/docs/user_guide/io.html?
    highlight=storage_options#reading-writing-remote-files>`_.

dtype_backend : {'numpy_nullable', 'pyarrow'}, default 'numpy_nullable'
    Back-end data type applied to the resultant :class:`DataFrame`
    (still experimental). Behaviour is as follows:

    * ``""numpy_nullable""``: returns nullable-dtype-backed :class:`DataFrame`
      (default).
    * ``""pyarrow""``: returns pyarrow-backed nullable :class:`ArrowDtype`
      DataFrame.

    .. versionadded:: 2.0

Returns
-------
DataFrame or TextFileReader
    A comma-separated values (csv) file is returned as two-dimensional
    data structure with labeled axes.

See Also
--------
DataFrame.to_csv : Write DataFrame to a comma-separated values (csv) file.
read_table : Read general delimited file into DataFrame.
read_fwf : Read a table of fixed-width formatted lines into DataFrame.

Examples
--------
>>> pd.read_csv('data.csv')  # doctest: +SKIP
File:      /lib/python3.12/site-packages/pandas/io/parsers/readers.py
Type:      function","Signature:
pandas.read_csv(
    filepath_or_buffer: 'FilePath | ReadCsvBuffer[bytes] | ReadCsvBuffer[str]',
    *,
    sep: 'str | None | lib.NoDefault' = <no_default>,
    delimiter: 'str | None | lib.NoDefault' = None,
    header: ""int | Sequence[int] | None | Literal['infer']"" = 'infer',
    names: 'Sequence[Hashable] | None | lib.NoDefault' = <no_default>,
    index_col: 'IndexLabel | Literal[False] | None' = None,
    usecols: 'UsecolsArgType' = None,
    dtype: 'DtypeArg | None' = None,
    engine: 'CSVEngine | None' = None,
    converters: 'Mapping[Hashable, Callable] | None' = None,
    true_values: 'list | None' = None,
    false_values: 'list | None' = None,
    skipinitialspace: 'bool' = False,
    skiprows: 'list[int] | int | Callable[[Hashable], bool] | None' = None,
    skipfooter: 'int' = 0,
    nrows: 'int | None' = None,
    na_values: 'Hashable | Iterable[Hashable] | Mapping[Hashable, Iterable[Hashable]] | None' = None,
    keep_default_na: 'bool' = True,
    na_filter: 'bool' = True,
    verbose: 'bool | lib.NoDefault' = <no_default>,
    skip_blank_lines: 'bool' = True,
    parse_dates: 'bool | Sequence[Hashable] | None' = None,
    infer_datetime_format: 'bool | lib.NoDefault' = <no_default>,
    keep_date_col: 'bool | lib.NoDefault' = <no_default>,
    date_parser: 'Callable | lib.NoDefault' = <no_default>,
    date_format: 'str | dict[Hashable, str] | None' = None,
    dayfirst: 'bool' = False,
    cache_dates: 'bool' = True,
    iterator: 'bool' = False,
    chunksize: 'int | None' = None,
    compression: 'CompressionOptions' = 'infer',
    thousands: 'str | None' = None,
    decimal: 'str' = '.',
    lineterminator: 'str | None' = None,
    quotechar: 'str' = '""',
    quoting: 'int' = 0,
    doublequote: 'bool' = True,
    escapechar: 'str | None' = None,
    comment: 'str | None' = None,
    encoding: 'str | None' = None,
    encoding_errors: 'str | None' = 'strict',
    dialect: 'str | csv.Dialect | None' = None,
    on_bad_lines: 'str' = 'error',
    delim_whitespace: 'bool | lib.NoDefault' = <no_default>,
    low_memory: 'bool' = True,
    memory_map: 'bool' = False,
    float_precision: ""Literal['high', 'legacy'] | None"" = None,
    storage_options: 'StorageOptions | None' = None,
    dtype_backend: 'DtypeBackend | lib.NoDefault' = <no_default>,
) -> 'DataFrame | TextFileReader'
Docstring:
Read a comma-separated values (csv) file into DataFrame.

Also supports optionally iterating or breaking of the file
into chunks.

Additional help can be found in the online docs for
`IO Tools <https://pandas.pydata.org/pandas-docs/stable/user_guide/io.html>`_.

Parameters
----------
filepath_or_buffer : str, path object or file-like object
    Any valid string path is acceptable. The string could be a URL. Valid
    URL schemes include http, ftp, s3, gs, and file. For file URLs, a host is
    expected. A local file could be: file://localhost/path/to/table.csv.

    If you want to pass in a path object, pandas accepts any ``os.PathLike``.

    By file-like object, we refer to objects with a ``read()`` method, such as
    a file handle (e.g. via builtin ``open`` function) or ``StringIO``.
sep : str, default ','
    Character or regex pattern to treat as the delimiter. If ``sep=None``, the
    C engine cannot automatically detect
    the separator, but the Python parsing engine can, meaning the latter will
    be used and automatically detect the separator from only the first valid
    row of the file by Python's builtin sniffer tool, ``csv.Sniffer``.
    In addition, separators longer than 1 character and different from
    ``'\s+'`` will be interpreted as regular expressions and will also force
    the use of the Python parsing engine. Note that regex delimiters are prone
    to ignoring quoted data. Regex example: ``'\r\t'``.
delimiter : str, optional
    Alias for ``sep``.
header : int, Sequence of int, 'infer' or None, default 'infer'
    Row number(s) containing column labels and marking the start of the
    data (zero-indexed). Default behavior is to infer the column names: if no ``names``
    are passed the behavior is identical to ``header=0`` and column
    names are inferred from the first line of the file, if column
    names are passed explicitly to ``names`` then the behavior is identical to
    ``header=None``. Explicitly pass ``header=0`` to be able to
    replace existing names. The header can be a list of integers that
    specify row locations for a :class:`~pandas.MultiIndex` on the columns
    e.g. ``[0, 1, 3]``. Intervening rows that are not specified will be
    skipped (e.g. 2 in this example is skipped). Note that this
    parameter ignores commented lines and empty lines if
    ``skip_blank_lines=True``, so ``header=0`` denotes the first line of
    data rather than the first line of the file.
names : Sequence of Hashable, optional
    Sequence of column labels to apply. If the file contains a header row,
    then you should explicitly pass ``header=0`` to override the column names.
    Duplicates in this list are not allowed.
index_col : Hashable, Sequence of Hashable or False, optional
  Column(s) to use as row label(s), denoted either by column labels or column
  indices.  If a sequence of labels or indices is given, :class:`~pandas.MultiIndex`
  will be formed for the row labels.

  Note: ``index_col=False`` can be used to force pandas to *not* use the first
  column as the index, e.g., when you have a malformed file with delimiters at
  the end of each line.
usecols : Sequence of Hashable or Callable, optional
    Subset of columns to select, denoted either by column labels or column indices.
    If list-like, all elements must either
    be positional (i.e. integer indices into the document columns) or strings
    that correspond to column names provided either by the user in ``names`` or
    inferred from the document header row(s). If ``names`` are given, the document
    header row(s) are not taken into account. For example, a valid list-like
    ``usecols`` parameter would be ``[0, 1, 2]`` or ``['foo', 'bar', 'baz']``.
    Element order is ignored, so ``usecols=[0, 1]`` is the same as ``[1, 0]``.
    To instantiate a :class:`~pandas.DataFrame` from ``data`` with element order
    preserved use ``pd.read_csv(data, usecols=['foo', 'bar'])[['foo', 'bar']]``
    for columns in ``['foo', 'bar']`` order or
    ``pd.read_csv(data, usecols=['foo', 'bar'])[['bar', 'foo']]``
    for ``['bar', 'foo']`` order.

    If callable, the callable function will be evaluated against the column
    names, returning names where the callable function evaluates to ``True``. An
    example of a valid callable argument would be ``lambda x: x.upper() in
    ['AAA', 'BBB', 'DDD']``. Using this parameter results in much faster
    parsing time and lower memory usage.
dtype : dtype or dict of {Hashable : dtype}, optional
    Data type(s) to apply to either the whole dataset or individual columns.
    E.g., ``{'a': np.float64, 'b': np.int32, 'c': 'Int64'}``
    Use ``str`` or ``object`` together with suitable ``na_values`` settings
    to preserve and not interpret ``dtype``.
    If ``converters`` are specified, they will be applied INSTEAD
    of ``dtype`` conversion.

    .. versionadded:: 1.5.0

        Support for ``defaultdict`` was added. Specify a ``defaultdict`` as input where
        the default determines the ``dtype`` of the columns which are not explicitly
        listed.
engine : {'c', 'python', 'pyarrow'}, optional
    Parser engine to use. The C and pyarrow engines are faster, while the python engine
    is currently more feature-complete. Multithreading is currently only supported by
    the pyarrow engine.

    .. versionadded:: 1.4.0

        The 'pyarrow' engine was added as an *experimental* engine, and some features
        are unsupported, or may not work correctly, with this engine.
converters : dict of {Hashable : Callable}, optional
    Functions for converting values in specified columns. Keys can either
    be column labels or column indices.
true_values : list, optional
    Values to consider as ``True`` in addition to case-insensitive variants of 'True'.
false_values : list, optional
    Values to consider as ``False`` in addition to case-insensitive variants of 'False'.
skipinitialspace : bool, default False
    Skip spaces after delimiter.
skiprows : int, list of int or Callable, optional
    Line numbers to skip (0-indexed) or number of lines to skip (``int``)
    at the start of the file.

    If callable, the callable function will be evaluated against the row
    indices, returning ``True`` if the row should be skipped and ``False`` otherwise.
    An example of a valid callable argument would be ``lambda x: x in [0, 2]``.
skipfooter : int, default 0
    Number of lines at bottom of file to skip (Unsupported with ``engine='c'``).
nrows : int, optional
    Number of rows of file to read. Useful for reading pieces of large files.
na_values : Hashable, Iterable of Hashable or dict of {Hashable : Iterable}, optional
    Additional strings to recognize as ``NA``/``NaN``. If ``dict`` passed, specific
    per-column ``NA`` values.  By default the following values are interpreted as
    ``NaN``: "" "", ""#N/A"", ""#N/A N/A"", ""#NA"", ""-1.#IND"", ""-1.#QNAN"", ""-NaN"", ""-nan"",
    ""1.#IND"", ""1.#QNAN"", ""<NA>"", ""N/A"", ""NA"", ""NULL"", ""NaN"", ""None"",
    ""n/a"", ""nan"", ""null "".

keep_default_na : bool, default True
    Whether or not to include the default ``NaN`` values when parsing the data.
    Depending on whether ``na_values`` is passed in, the behavior is as follows:

    * If ``keep_default_na`` is ``True``, and ``na_values`` are specified, ``na_values``
      is appended to the default ``NaN`` values used for parsing.
    * If ``keep_default_na`` is ``True``, and ``na_values`` are not specified, only
      the default ``NaN`` values are used for parsing.
    * If ``keep_default_na`` is ``False``, and ``na_values`` are specified, only
      the ``NaN`` values specified ``na_values`` are used for parsing.
    * If ``keep_default_na`` is ``False``, and ``na_values`` are not specified, no
      strings will be parsed as ``NaN``.

    Note that if ``na_filter`` is passed in as ``False``, the ``keep_default_na`` and
    ``na_values`` parameters will be ignored.
na_filter : bool, default True
    Detect missing value markers (empty strings and the value of ``na_values``). In
    data without any ``NA`` values, passing ``na_filter=False`` can improve the
    performance of reading a large file.
verbose : bool, default False
    Indicate number of ``NA`` values placed in non-numeric columns.

    .. deprecated:: 2.2.0
skip_blank_lines : bool, default True
    If ``True``, skip over blank lines rather than interpreting as ``NaN`` values.
parse_dates : bool, list of Hashable, list of lists or dict of {Hashable : list}, default False
    The behavior is as follows:

    * ``bool``. If ``True`` -> try parsing the index. Note: Automatically set to
      ``True`` if ``date_format`` or ``date_parser`` arguments have been passed.
    * ``list`` of ``int`` or names. e.g. If ``[1, 2, 3]`` -> try parsing columns 1, 2, 3
      each as a separate date column.
    * ``list`` of ``list``. e.g.  If ``[[1, 3]]`` -> combine columns 1 and 3 and parse
      as a single date column. Values are joined with a space before parsing.
    * ``dict``, e.g. ``{'foo' : [1, 3]}`` -> parse columns 1, 3 as date and call
      result 'foo'. Values are joined with a space before parsing.

    If a column or index cannot be represented as an array of ``datetime``,
    say because of an unparsable value or a mixture of timezones, the column
    or index will be returned unaltered as an ``object`` data type. For
    non-standard ``datetime`` parsing, use :func:`~pandas.to_datetime` after
    :func:`~pandas.read_csv`.

    Note: A fast-path exists for iso8601-formatted dates.
infer_datetime_format : bool, default False
    If ``True`` and ``parse_dates`` is enabled, pandas will attempt to infer the
    format of the ``datetime`` strings in the columns, and if it can be inferred,
    switch to a faster method of parsing them. In some cases this can increase
    the parsing speed by 5-10x.

    .. deprecated:: 2.0.0
        A strict version of this argument is now the default, passing it has no effect.

keep_date_col : bool, default False
    If ``True`` and ``parse_dates`` specifies combining multiple columns then
    keep the original columns.
date_parser : Callable, optional
    Function to use for converting a sequence of string columns to an array of
    ``datetime`` instances. The default uses ``dateutil.parser.parser`` to do the
    conversion. pandas will try to call ``date_parser`` in three different ways,
    advancing to the next if an exception occurs: 1) Pass one or more arrays
    (as defined by ``parse_dates``) as arguments; 2) concatenate (row-wise) the
    string values from the columns defined by ``parse_dates`` into a single array
    and pass that; and 3) call ``date_parser`` once for each row using one or
    more strings (corresponding to the columns defined by ``parse_dates``) as
    arguments.

    .. deprecated:: 2.0.0
       Use ``date_format`` instead, or read in as ``object`` and then apply
       :func:`~pandas.to_datetime` as-needed.
date_format : str or dict of column -> format, optional
    Format to use for parsing dates when used in conjunction with ``parse_dates``.
    The strftime to parse time, e.g. :const:`""%d/%m/%Y""`. See
    `strftime documentation
    <https://docs.python.org/3/library/datetime.html
    #strftime-and-strptime-behavior>`_ for more information on choices, though
    note that :const:`""%f""` will parse all the way up to nanoseconds.
    You can also pass:

    - ""ISO8601"", to parse any `ISO8601 <https://en.wikipedia.org/wiki/ISO_8601>`_
        time string (not necessarily in exactly the same format);
    - ""mixed"", to infer the format for each element individually. This is risky,
        and you should probably use it along with `dayfirst`.

    .. versionadded:: 2.0.0
dayfirst : bool, default False
    DD/MM format dates, international and European format.
cache_dates : bool, default True
    If ``True``, use a cache of unique, converted dates to apply the ``datetime``
    conversion. May produce significant speed-up when parsing duplicate
    date strings, especially ones with timezone offsets.

iterator : bool, default False
    Return ``TextFileReader`` object for iteration or getting chunks with
    ``get_chunk()``.
chunksize : int, optional
    Number of lines to read from the file per chunk. Passing a value will cause the
    function to return a ``TextFileReader`` object for iteration.
    See the `IO Tools docs
    <https://pandas.pydata.org/pandas-docs/stable/io.html#io-chunking>`_
    for more information on ``iterator`` and ``chunksize``.

compression : str or dict, default 'infer'
    For on-the-fly decompression of on-disk data. If 'infer' and 'filepath_or_buffer' is
    path-like, then detect compression from the following extensions: '.gz',
    '.bz2', '.zip', '.xz', '.zst', '.tar', '.tar.gz', '.tar.xz' or '.tar.bz2'
    (otherwise no compression).
    If using 'zip' or 'tar', the ZIP file must contain only one data file to be read in.
    Set to ``None`` for no decompression.
    Can also be a dict with key ``'method'`` set
    to one of {``'zip'``, ``'gzip'``, ``'bz2'``, ``'zstd'``, ``'xz'``, ``'tar'``} and
    other key-value pairs are forwarded to
    ``zipfile.ZipFile``, ``gzip.GzipFile``,
    ``bz2.BZ2File``, ``zstandard.ZstdDecompressor``, ``lzma.LZMAFile`` or
    ``tarfile.TarFile``, respectively.
    As an example, the following could be passed for Zstandard decompression using a
    custom compression dictionary:
    ``compression={'method': 'zstd', 'dict_data': my_compression_dict}``.

    .. versionadded:: 1.5.0
        Added support for `.tar` files.

    .. versionchanged:: 1.4.0 Zstandard support.

thousands : str (length 1), optional
    Character acting as the thousands separator in numerical values.
decimal : str (length 1), default '.'
    Character to recognize as decimal point (e.g., use ',' for European data).
lineterminator : str (length 1), optional
    Character used to denote a line break. Only valid with C parser.
quotechar : str (length 1), optional
    Character used to denote the start and end of a quoted item. Quoted
    items can include the ``delimiter`` and it will be ignored.
quoting : {0 or csv.QUOTE_MINIMAL, 1 or csv.QUOTE_ALL, 2 or csv.QUOTE_NONNUMERIC, 3 or csv.QUOTE_NONE}, default csv.QUOTE_MINIMAL
    Control field quoting behavior per ``csv.QUOTE_*`` constants. Default is
    ``csv.QUOTE_MINIMAL`` (i.e., 0) which implies that only fields containing special
    characters are quoted (e.g., characters defined in ``quotechar``, ``delimiter``,
    or ``lineterminator``.
doublequote : bool, default True
   When ``quotechar`` is specified and ``quoting`` is not ``QUOTE_NONE``, indicate
   whether or not to interpret two consecutive ``quotechar`` elements INSIDE a
   field as a single ``quotechar`` element.
escapechar : str (length 1), optional
    Character used to escape other characters.
comment : str (length 1), optional
    Character indicating that the remainder of line should not be parsed.
    If found at the beginning
    of a line, the line will be ignored altogether. This parameter must be a
    single character. Like empty lines (as long as ``skip_blank_lines=True``),
    fully commented lines are ignored by the parameter ``header`` but not by
    ``skiprows``. For example, if ``comment='#'``, parsing
    ``#empty\na,b,c\n1,2,3`` with ``header=0`` will result in ``'a,b,c'`` being
    treated as the header.
encoding : str, optional, default 'utf-8'
    Encoding to use for UTF when reading/writing (ex. ``'utf-8'``). `List of Python
    standard encodings
    <https://docs.python.org/3/library/codecs.html#standard-encodings>`_ .

encoding_errors : str, optional, default 'strict'
    How encoding errors are treated. `List of possible values
    <https://docs.python.org/3/library/codecs.html#error-handlers>`_ .

    .. versionadded:: 1.3.0

dialect : str or csv.Dialect, optional
    If provided, this parameter will override values (default or not) for the
    following parameters: ``delimiter``, ``doublequote``, ``escapechar``,
    ``skipinitialspace``, ``quotechar``, and ``quoting``. If it is necessary to
    override values, a ``ParserWarning`` will be issued. See ``csv.Dialect``
    documentation for more details.
on_bad_lines : {'error', 'warn', 'skip'} or Callable, default 'error'
    Specifies what to do upon encountering a bad line (a line with too many fields).
    Allowed values are :

    - ``'error'``, raise an Exception when a bad line is encountered.
    - ``'warn'``, raise a warning when a bad line is encountered and skip that line.
    - ``'skip'``, skip bad lines without raising or warning when they are encountered.

    .. versionadded:: 1.3.0

    .. versionadded:: 1.4.0

        - Callable, function with signature
          ``(bad_line: list[str]) -> list[str] | None`` that will process a single
          bad line. ``bad_line`` is a list of strings split by the ``sep``.
          If the function returns ``None``, the bad line will be ignored.
          If the function returns a new ``list`` of strings with more elements than
          expected, a ``ParserWarning`` will be emitted while dropping extra elements.
          Only supported when ``engine='python'``

    .. versionchanged:: 2.2.0

        - Callable, function with signature
          as described in `pyarrow documentation
          <https://arrow.apache.org/docs/python/generated/pyarrow.csv.ParseOptions.html
          #pyarrow.csv.ParseOptions.invalid_row_handler>`_ when ``engine='pyarrow'``

delim_whitespace : bool, default False
    Specifies whether or not whitespace (e.g. ``' '`` or ``'\t'``) will be
    used as the ``sep`` delimiter. Equivalent to setting ``sep='\s+'``. If this option
    is set to ``True``, nothing should be passed in for the ``delimiter``
    parameter.

    .. deprecated:: 2.2.0
        Use ``sep=""\s+""`` instead.
low_memory : bool, default True
    Internally process the file in chunks, resulting in lower memory use
    while parsing, but possibly mixed type inference.  To ensure no mixed
    types either set ``False``, or specify the type with the ``dtype`` parameter.
    Note that the entire file is read into a single :class:`~pandas.DataFrame`
    regardless, use the ``chunksize`` or ``iterator`` parameter to return the data in
    chunks. (Only valid with C parser).
memory_map : bool, default False
    If a filepath is provided for ``filepath_or_buffer``, map the file object
    directly onto memory and access the data directly from there. Using this
    option can improve performance because there is no longer any I/O overhead.
float_precision : {'high', 'legacy', 'round_trip'}, optional
    Specifies which converter the C engine should use for floating-point
    values. The options are ``None`` or ``'high'`` for the ordinary converter,
    ``'legacy'`` for the original lower precision pandas converter, and
    ``'round_trip'`` for the round-trip converter.

storage_options : dict, optional
    Extra options that make sense for a particular storage connection, e.g.
    host, port, username, password, etc. For HTTP(S) URLs the key-value pairs
    are forwarded to ``urllib.request.Request`` as header options. For other
    URLs (e.g. starting with ""s3://"", and ""gcs://"") the key-value pairs are
    forwarded to ``fsspec.open``. Please see ``fsspec`` and ``urllib`` for more
    details, and for more examples on storage options refer `here
    <https://pandas.pydata.org/docs/user_guide/io.html?
    highlight=storage_options#reading-writing-remote-files>`_.

dtype_backend : {'numpy_nullable', 'pyarrow'}, default 'numpy_nullable'
    Back-end data type applied to the resultant :class:`DataFrame`
    (still experimental). Behaviour is as follows:

    * ``""numpy_nullable""``: returns nullable-dtype-backed :class:`DataFrame`
      (default).
    * ``""pyarrow""``: returns pyarrow-backed nullable :class:`ArrowDtype`
      DataFrame.

    .. versionadded:: 2.0

Returns
-------
DataFrame or TextFileReader
    A comma-separated values (csv) file is returned as two-dimensional
    data structure with labeled axes.

See Also
--------
DataFrame.to_csv : Write DataFrame to a comma-separated values (csv) file.
read_table : Read general delimited file into DataFrame.
read_fwf : Read a table of fixed-width formatted lines into DataFrame.

Examples
--------
>>> pd.read_csv('data.csv')  # doctest: +SKIP
Source:   
@Appender(
    _doc_read_csv_and_table.format(
        func_name=""read_csv"",
        summary=""Read a comma-separated values (csv) file into DataFrame."",
        see_also_func_name=""read_table"",
        see_also_func_summary=""Read general delimited file into DataFrame."",
        _default_sep=""','"",
        storage_options=_shared_docs[""storage_options""],
        decompression_options=_shared_docs[""decompression_options""]
        % ""filepath_or_buffer"",
    )
)
def read_csv(
    filepath_or_buffer: FilePath | ReadCsvBuffer[bytes] | ReadCsvBuffer[str],
    *,
    sep: str | None | lib.NoDefault = lib.no_default,
    delimiter: str | None | lib.NoDefault = None,
    # Column and Index Locations and Names
    header: int | Sequence[int] | None | Literal[""infer""] = ""infer"",
    names: Sequence[Hashable] | None | lib.NoDefault = lib.no_default,
    index_col: IndexLabel | Literal[False] | None = None,
    usecols: UsecolsArgType = None,
    # General Parsing Configuration
    dtype: DtypeArg | None = None,
    engine: CSVEngine | None = None,
    converters: Mapping[Hashable, Callable] | None = None,
    true_values: list | None = None,
    false_values: list | None = None,
    skipinitialspace: bool = False,
    skiprows: list[int] | int | Callable[[Hashable], bool] | None = None,
    skipfooter: int = 0,
    nrows: int | None = None,
    # NA and Missing Data Handling
    na_values: Hashable
    | Iterable[Hashable]
    | Mapping[Hashable, Iterable[Hashable]]
    | None = None,
    keep_default_na: bool = True,
    na_filter: bool = True,
    verbose: bool | lib.NoDefault = lib.no_default,
    skip_blank_lines: bool = True,
    # Datetime Handling
    parse_dates: bool | Sequence[Hashable] | None = None,
    infer_datetime_format: bool | lib.NoDefault = lib.no_default,
    keep_date_col: bool | lib.NoDefault = lib.no_default,
    date_parser: Callable | lib.NoDefault = lib.no_default,
    date_format: str | dict[Hashable, str] | None = None,
    dayfirst: bool = False,
    cache_dates: bool = True,
    # Iteration
    iterator: bool = False,
    chunksize: int | None = None,
    # Quoting, Compression, and File Format
    compression: CompressionOptions = ""infer"",
    thousands: str | None = None,
    decimal: str = ""."",
    lineterminator: str | None = None,
    quotechar: str = '""',
    quoting: int = csv.QUOTE_MINIMAL,
    doublequote: bool = True,
    escapechar: str | None = None,
    comment: str | None = None,
    encoding: str | None = None,
    encoding_errors: str | None = ""strict"",
    dialect: str | csv.Dialect | None = None,
    # Error Handling
    on_bad_lines: str = ""error"",
    # Internal
    delim_whitespace: bool | lib.NoDefault = lib.no_default,
    low_memory: bool = _c_parser_defaults[""low_memory""],
    memory_map: bool = False,
    float_precision: Literal[""high"", ""legacy""] | None = None,
    storage_options: StorageOptions | None = None,
    dtype_backend: DtypeBackend | lib.NoDefault = lib.no_default,
) -> DataFrame | TextFileReader:
    if keep_date_col is not lib.no_default:
        # GH#55569
        warnings.warn(
            ""The 'keep_date_col' keyword in pd.read_csv is deprecated and ""
            ""will be removed in a future version. Explicitly remove unwanted ""
            ""columns after parsing instead."",
            FutureWarning,
            stacklevel=find_stack_level(),
        )
    else:
        keep_date_col = False

    if lib.is_list_like(parse_dates):
        # GH#55569
        depr = False
        # error: Item ""bool"" of ""bool | Sequence[Hashable] | None"" has no
        # attribute ""__iter__"" (not iterable)
        if not all(is_hashable(x) for x in parse_dates):  # type: ignore[union-attr]
            depr = True
        elif isinstance(parse_dates, dict) and any(
            lib.is_list_like(x) for x in parse_dates.values()
        ):
            depr = True
        if depr:
            warnings.warn(
                ""Support for nested sequences for 'parse_dates' in pd.read_csv ""
                ""is deprecated. Combine the desired columns with pd.to_datetime ""
                ""after parsing instead."",
                FutureWarning,
                stacklevel=find_stack_level(),
            )

    if infer_datetime_format is not lib.no_default:
        warnings.warn(
            ""The argument 'infer_datetime_format' is deprecated and will ""
            ""be removed in a future version. ""
            ""A strict version of it is now the default, see ""
            ""https://pandas.pydata.org/pdeps/0004-consistent-to-datetime-parsing.html. ""
            ""You can safely remove this argument."",
            FutureWarning,
            stacklevel=find_stack_level(),
        )

    if delim_whitespace is not lib.no_default:
        # GH#55569
        warnings.warn(
            ""The 'delim_whitespace' keyword in pd.read_csv is deprecated and ""
            ""will be removed in a future version. Use ``sep='\\s+'`` instead"",
            FutureWarning,
            stacklevel=find_stack_level(),
        )
    else:
        delim_whitespace = False

    if verbose is not lib.no_default:
        # GH#55569
        warnings.warn(
            ""The 'verbose' keyword in pd.read_csv is deprecated and ""
            ""will be removed in a future version."",
            FutureWarning,
            stacklevel=find_stack_level(),
        )
    else:
        verbose = False

    # locals() should never be modified
    kwds = locals().copy()
    del kwds[""filepath_or_buffer""]
    del kwds[""sep""]

    kwds_defaults = _refine_defaults_read(
        dialect,
        delimiter,
        delim_whitespace,
        engine,
        sep,
        on_bad_lines,
        names,
        defaults={""delimiter"": "",""},
        dtype_backend=dtype_backend,
    )
    kwds.update(kwds_defaults)

    return _read(filepath_or_buffer, kwds)
File:      /lib/python3.12/site-packages/pandas/io/parsers/readers.py
Type:      function",